Date,Open,High,Low,Close,Adj Close,Volume
2017/11/24,25.110001,25.110001,24.57,24.74,22.769825,35700
2017/11/27,24.74,25.059999,24.74,24.93,22.944695,68900
2017/11/28,25.030001,25.290001,24.879999,25.219999,23.211599,79100
2017/11/29,25.24,25.860001,24.809999,25.790001,23.73621,139900
2017/11/30,26.01,26.030001,25.48,25.620001,23.579744,105800
2017/12/1,25.709999,25.790001,25.290001,25.67,23.625765,87800
2017/12/4,25.889999,26.059999,25.709999,25.92,23.855852,66400
2017/12/5,25.92,26.190001,25.76,26.120001,24.039927,78700
2017/12/6,26.1,26.57,25.709999,26.49,24.380465,100400
2017/12/7,26.469999,26.67,26.219999,26.52,24.408077,82900
2017/12/8,26.530001,26.780001,26.34,26.629999,24.509308,535800
2017/12/11,26.639999,26.66,26.23,26.34,24.242407,80200
2017/12/12,26.360001,26.5,26.200001,26.33,24.233196,78500
2017/12/13,26.27,26.540001,26.15,26.299999,24.205595,70700
2017/12/14,26.290001,26.290001,25.83,25.84,23.782225,58300
2017/12/15,25.860001,26.32,25.860001,26.209999,24.122763,199800
2017/12/18,26.379999,26.469999,26.139999,26.23,24.141169,107200
2017/12/19,26.32,26.5,26.18,26.27,24.17798,125400
2017/12/20,26.35,26.35,25.9,26.01,23.938686,75200
2017/12/21,26.120001,26.120001,25.879999,25.9,23.837444,91300
2017/12/22,26.07,26.120001,25.530001,25.75,23.69939,81200
2017/12/26,25.77,25.84,25.6,25.65,23.607357,39900
2017/12/27,25.59,25.799999,25.59,25.68,23.634964,44900
2017/12/28,25.690001,26.17,25.690001,26.08,24.003115,61300
2017/12/29,26.129999,26.129999,25.690001,25.709999,23.66258,56900
2018/1/2,25.719999,25.98,25.57,25.959999,23.89267,105300
2018/1/3,25.959999,26.309999,25.639999,26.209999,24.122763,119400
2018/1/4,26.4,26.709999,26.27,26.459999,24.352852,130600
2018/1/5,26.52,26.67,26.27,26.42,24.316038,69900
2018/1/8,26.42,26.809999,26.280001,26.709999,24.582939,110500
2018/1/9,26.799999,26.799999,26.110001,26.15,24.067539,76400
2018/1/10,26.049999,26.32,26.01,26.219999,24.131962,97900
2018/1/11,26.219999,26.559999,26.219999,26.41,24.306831,82900
2018/1/12,26.41,26.6,26.34,26.6,24.481697,135000
2018/1/16,26.66,27.139999,26.65,26.73,24.601349,88900
2018/1/17,26.860001,26.860001,26.139999,26.440001,24.334442,162300
2018/1/18,26.450001,26.5,25.969999,26.110001,24.030722,159300
2018/1/19,26.08,26.48,25.709999,26.110001,24.030722,175900
2018/1/22,26.08,26.389999,25.790001,26.35,24.251612,86800
2018/1/23,26.370001,26.65,25.950001,26.610001,24.490908,53700
2018/1/24,26.77,27.23,26.559999,27.110001,24.951092,167500
2018/1/25,27.16,27.25,26.73,26.98,24.83144,190800
2018/1/26,27.1,27.67,26.620001,26.99,24.840645,73400
2018/1/29,27,27.01,26.76,26.76,24.628962,435000
2018/1/30,26.690001,26.91,26.66,26.83,24.693382,125100
2018/1/31,26.889999,27,26.24,26.629999,24.509308,316600
2018/2/1,26.51,26.700001,26.08,26.469999,24.362051,112600
2018/2/2,26.450001,26.6,26.190001,26.290001,24.196392,81700
2018/2/5,26.23,26.58,25.48,25.6,23.561335,207800
2018/2/6,25.27,26.059999,25.15,25.860001,23.800634,169000
2018/2/7,25.76,26.35,25.549999,26.25,24.159576,125300
2018/2/8,26.32,26.32,25.799999,25.84,23.782225,84200
2018/2/9,25.959999,25.959999,25.299999,25.77,23.78684,107400
2018/2/12,25.690001,25.77,25.33,25.549999,23.583767,75400
2018/2/13,25.459999,25.799999,25.26,25.52,23.55608,70900
2018/2/14,25.309999,25.68,25.299999,25.43,23.473005,80800
2018/2/15,25.620001,26.5,25.620001,26.25,24.2299,144400
2018/2/16,26.49,27.9,26.48,27.639999,25.51293,211200
2018/2/20,27.49,27.76,27.309999,27.59,25.466778,113400
2018/2/21,27.57,27.83,27.32,27.35,25.245247,51300
2018/2/22,27.389999,27.559999,27.08,27.32,25.217554,69300
2018/2/23,27.370001,27.620001,27.26,27.51,25.392937,47300
2018/2/26,27.799999,27.870001,27.549999,27.809999,25.669844,96300
2018/2/27,27.92,28.030001,27.51,27.57,25.44832,70300
2018/2/28,27.65,27.719999,27.209999,27.219999,25.125259,61700
2018/3/1,27.15,27.639999,27.139999,27.559999,25.439087,184300
2018/3/2,27.41,28.15,27.41,27.85,25.706774,149200
2018/3/5,27.85,28.040001,27.51,27.690001,25.559088,90400
2018/3/6,27.67,28.129999,27.450001,28.049999,25.891375,88700
2018/3/7,27.92,28.049999,27.799999,27.969999,25.817533,57100
2018/3/8,28.02,28.16,27.870001,28,25.845228,61800
2018/3/9,28.120001,28.27,28.01,28.1,25.937531,149400
2018/3/12,28.290001,28.42,28.120001,28.290001,26.112917,99600
2018/3/13,28.34,28.49,27.940001,28.01,25.854456,110100
2018/3/14,28.08,28.459999,28.01,28.33,26.149826,108300
2018/3/15,28.299999,28.540001,28.08,28.290001,26.112917,237700
2018/3/16,28.35,28.57,28.209999,28.41,26.223669,125100
2018/3/19,28.41,28.719999,28.16,28.42,26.232906,65000
2018/3/20,28.48,28.77,28.09,28.190001,26.020607,47200
2018/3/21,28.209999,28.469999,28.110001,28.18,26.011375,61500
2018/3/22,28.110001,28.25,27.799999,27.83,25.688307,69600
2018/3/23,27.83,28.25,27.43,27.440001,25.328325,144000
2018/3/26,27.74,27.77,27.32,27.620001,25.494473,72800
2018/3/27,27.610001,27.889999,27.35,27.49,25.374477,64900
2018/3/28,27.459999,27.76,27.27,27.65,25.52216,86300
2018/3/29,27.75,28.07,27.59,27.66,25.531393,91100
2018/4/2,27.610001,27.860001,27.1,27.27,25.171402,78300
2018/4/3,27.43,27.5,27.01,27.35,25.245247,291900
2018/4/4,27.18,27.73,27.059999,27.639999,25.51293,121600
2018/4/5,27.75,28.059999,27.530001,27.889999,25.743694,92400
2018/4/6,27.83,28.200001,27.540001,27.76,25.623697,115100
2018/4/9,27.940001,28.110001,27.76,27.780001,25.642162,60800
2018/4/10,27.98,28.08,27.76,27.83,25.688307,95300
2018/4/11,27.809999,27.879999,27.48,27.65,25.52216,67500
2018/4/12,27.790001,27.790001,27.610001,27.629999,25.503698,69100
2018/4/13,27.75,27.84,27.58,27.84,25.697546,153000
2018/4/16,28,28.27,27.93,28.17,26.002146,242700
2018/4/17,28.25,28.4,28.16,28.299999,26.122137,125500
2018/4/18,28.32,28.549999,28.32,28.459999,26.269825,57500
2018/4/19,28.360001,28.51,28.27,28.32,26.140606,35000
2018/4/20,28.25,28.540001,28.16,28.450001,26.260597,97300
2018/4/23,28.459999,28.469999,28.110001,28.23,26.057524,77000
2018/4/24,28.360001,28.93,28.35,28.58,26.380598,123200
2018/4/25,28.35,28.959999,27.139999,27.57,25.44832,308200
2018/4/26,27.540001,27.65,26.559999,26.66,24.608349,277500
2018/4/27,26.690001,27.18,26.690001,26.85,24.783726,173600
2018/4/30,26.77,26.950001,25.889999,26.030001,24.026829,151500
2018/5/1,26.01,26.32,25.450001,26.27,24.248358,164900
2018/5/2,26.24,26.43,26.040001,26.27,24.248358,118200
2018/5/3,26.110001,26.24,25.66,25.68,23.703762,712600
2018/5/4,25.690001,26.190001,25.58,26.08,24.072983,199000
2018/5/7,26.049999,26.49,25.77,26.059999,24.054523,58800
2018/5/8,26.02,26.120001,25.76,25.889999,23.897604,64000
2018/5/9,25.860001,25.98,25.709999,25.73,23.749916,93100
2018/5/10,25.709999,25.709999,25.360001,25.58,23.611462,140900
2018/5/11,25.389999,25.719999,25.370001,25.700001,23.791985,90800
2018/5/14,25.700001,25.790001,25.469999,25.540001,23.643862,106100
2018/5/15,25.48,25.559999,25.299999,25.33,23.449453,96700
2018/5/16,25.360001,25.610001,25.18,25.549999,23.653118,149600
2018/5/17,25.549999,25.639999,25.34,25.48,23.588316,79800
2018/5/18,25.4,25.67,25.33,25.549999,23.653118,124300
2018/5/21,25.59,25.76,25.360001,25.629999,23.727179,108100
2018/5/22,25.66,25.66,25.35,25.360001,23.47723,179200
2018/5/23,25.370001,25.440001,25.02,25.17,23.301332,76600
2018/5/24,25.1,25.139999,24.85,25,23.143955,121800
2018/5/25,25,25.27,25,25.16,23.292076,83600
2018/5/29,24.99,25.4,24.889999,25.040001,23.180988,80900
2018/5/30,25.25,25.58,25.09,25.360001,23.47723,94300
2018/5/31,25.290001,25.32,25.049999,25.15,23.282812,82400
2018/6/1,25.200001,25.200001,24.58,24.6,22.773649,89300
2018/6/4,24.629999,24.77,24.42,24.629999,22.801418,101200
2018/6/5,24.57,24.940001,24.469999,24.84,22.995832,97300
2018/6/6,24.9,25.35,24.08,25.24,23.366135,267600
2018/6/7,25.32,25.370001,24.959999,25.200001,23.329103,81700
2018/6/8,25.219999,25.360001,25.02,25.15,23.282812,64700
2018/6/11,25.190001,25.280001,25.030001,25.07,23.208752,59600
2018/6/12,25.17,25.17,24.799999,25.07,23.208752,78300
2018/6/13,25.030001,25.049999,24.68,24.690001,22.856968,67000
2018/6/14,24.790001,24.790001,24.4,24.559999,22.736618,66200
2018/6/15,24.530001,24.700001,24.48,24.639999,22.810677,81800
2018/6/18,24.639999,24.77,24.549999,24.6,22.773649,39200
2018/6/19,24.59,24.73,24.42,24.690001,22.856968,48900
2018/6/20,24.77,24.91,24.58,24.74,22.903255,72900
2018/6/21,24.75,24.84,24.549999,24.790001,22.949545,85400
2018/6/22,24.85,24.959999,24.469999,24.73,22.893999,191100
2018/6/25,24.559999,24.74,24.41,24.66,22.829197,76500
2018/6/26,24.58,24.879999,24.389999,24.790001,22.949545,55400
2018/6/27,24.799999,25.110001,24.59,25.040001,23.180988,71400
2018/6/28,25.02,25.049999,24.65,24.700001,22.866222,84900
2018/6/29,24.74,24.83,24.450001,24.549999,22.72736,95300
2018/7/2,24.32,24.74,24.32,24.67,22.838453,61000
2018/7/3,24.799999,25.01,24.700001,24.83,22.986576,50900
2018/7/5,24.85,24.959999,24.690001,24.9,23.051378,59000
2018/7/6,24.98,25.030001,24.700001,24.790001,22.949545,51400
2018/7/9,24.950001,25.23,24.83,24.950001,23.097666,92000
2018/7/10,24.950001,25.1,24.780001,24.83,22.986576,107200
2018/7/11,24.75,25.07,24.75,24.84,22.995832,81900
2018/7/12,24.879999,24.98,24.66,24.969999,23.116182,35000
2018/7/13,24.969999,25.290001,24.92,25.02,23.16247,55700
2018/7/16,25.049999,25.129999,24.809999,24.92,23.069895,49000
2018/7/17,24.92,25,24.809999,24.950001,23.097666,58300
2018/7/18,24.959999,25,24.530001,24.780001,22.94029,48800
2018/7/19,24.780001,24.860001,24.59,24.75,22.912512,49400
2018/7/20,24.700001,24.99,24.700001,24.73,22.893999,78100
2018/7/23,24.73,24.959999,24.73,24.92,23.069895,49100
2018/7/24,24.9,24.950001,24.719999,24.809999,22.96806,43200
2018/7/25,24.799999,24.940001,24.379999,24.540001,22.718107,44900
2018/7/26,24.57,24.73,24.299999,24.629999,22.801418,65700
2018/7/27,24.719999,24.799999,24.299999,24.32,22.514433,50300
2018/7/30,24.25,24.6,24.02,24.09,22.301514,72900
2018/7/31,24.09,25.049999,24.09,24.99,23.134691,143700
2018/8/1,23.639999,24.34,22.16,23.92,22.144133,191900
2018/8/2,23.77,24.08,23.290001,23.709999,21.949726,123900
2018/8/3,23.780001,23.85,23.34,23.49,21.746058,116000
2018/8/6,23.639999,24.33,23.59,24.25,22.449635,86600
2018/8/7,24.25,24.469999,24.02,24.280001,22.477407,73400
2018/8/8,24.16,24.299999,23.959999,23.99,22.208939,89700
2018/8/9,24.030001,24.190001,23.6,23.639999,21.88492,65500
2018/8/10,23.48,23.780001,23.43,23.540001,21.792345,28200
2018/8/13,23.32,23.559999,23.09,23.25,21.592678,108200
2018/8/14,23.18,23.35,22.93,23.02,21.379065,72200
2018/8/15,22.93,23.27,22.889999,23.15,21.499798,77100
2018/8/16,23.23,23.67,23.23,23.5,21.82485,84300
2018/8/17,23.450001,23.639999,23.309999,23.4,21.731976,58900
2018/8/20,23.379999,23.610001,22.99,23.549999,21.871284,79600
2018/8/21,23.790001,24.07,23.67,23.969999,22.261347,77700
2018/8/22,23.9,24.09,23.35,23.379999,21.713402,120100
2018/8/23,23.35,23.379999,23.110001,23.24,21.583384,97800
2018/8/24,23.26,23.360001,23.17,23.219999,21.564806,83900
2018/8/27,23.190001,23.790001,23.1,23.66,21.973444,141200
2018/8/28,23.66,23.68,23.25,23.389999,21.722692,50000
2018/8/29,23.32,23.5,23.1,23.17,21.518373,42000
2018/8/30,23.18,23.18,22.889999,22.940001,21.304771,113500
2018/8/31,22.879999,23.07,22.65,22.77,21.146887,77600
2018/9/4,22.709999,22.799999,22.370001,22.42,20.821836,61600
2018/9/5,22.35,22.48,22.25,22.379999,20.784685,95500
2018/9/6,22.459999,22.459999,22.27,22.4,20.803265,87100
2018/9/7,22.370001,22.77,22.23,22.65,21.035442,103700
2018/9/10,22.75,22.799999,22.190001,22.370001,20.7754,89800
2018/9/11,22.309999,22.629999,22.200001,22.58,20.970428,108000
2018/9/12,22.530001,22.68,22.15,22.4,20.803265,102100
2018/9/13,22.43,22.67,22.25,22.290001,20.701101,63200
2018/9/14,22.290001,22.559999,22.23,22.43,20.831125,59600
2018/9/17,22.43,22.57,22.15,22.16,20.58037,54500
2018/9/18,22.15,22.42,22,22.1,20.524649,142500
2018/9/19,22.049999,22.139999,21.950001,22.049999,20.478214,147600
2018/9/20,22.139999,22.49,22.129999,22.450001,20.849699,70800
2018/9/21,22.469999,22.549999,22.370001,22.379999,20.784685,335600
2018/9/24,22.33,22.559999,21.889999,21.91,20.348194,104900
2018/9/25,21.91,22.08,21.809999,21.85,20.292469,107200
2018/9/26,21.889999,22.129999,21.67,21.790001,20.236746,170700
2018/9/27,21.700001,21.82,21.52,21.530001,19.995277,82200
2018/9/28,21.52,21.700001,21.49,21.549999,20.013855,98900
2018/10/1,21.530001,21.889999,21.5,21.709999,20.162447,91200
2018/10/2,21.77,21.809999,21.440001,21.459999,19.930265,92200
2018/10/3,21.6,21.6,21.139999,21.17,19.66094,75000
2018/10/4,21.08,21.09,20.66,20.780001,19.298738,85200
2018/10/5,20.83,20.83,20.42,20.76,19.280167,75600
2018/10/8,20.75,20.889999,20.59,20.809999,19.326595,57100
2018/10/9,20.76,20.950001,20.709999,20.76,19.280167,45900
2018/10/10,20.76,20.93,20.58,20.610001,19.14086,97200
2018/10/11,20.57,20.74,20.209999,20.26,18.815807,124300
2018/10/12,20.51,20.52,20.25,20.469999,19.010841,140800
2018/10/15,20.42,20.57,20.030001,20.41,18.955114,84800
2018/10/16,20.49,20.709999,20.35,20.67,19.196579,69400
2018/10/17,20.629999,20.790001,20.59,20.65,19.178005,85700
2018/10/18,20.58,20.58,20.07,20.23,18.787945,81100
2018/10/19,20.190001,20.459999,20.049999,20.049999,18.620779,53400
2018/10/22,20.01,20.110001,19.67,19.799999,18.388594,65600
2018/10/23,19.6,19.85,19.200001,19.440001,18.054262,110100
2018/10/24,19.370001,19.549999,19.16,19.16,17.794222,74800
2018/10/25,19.23,19.51,19.139999,19.32,17.942814,90300
2018/10/26,19.120001,19.35,18.9,19.17,17.803505,101300
2018/10/29,19.290001,19.52,18.790001,18.889999,17.543467,68200
2018/10/30,18.91,19.120001,18.540001,18.870001,17.524889,254400
2018/10/31,19.110001,19.290001,18.889999,19.059999,17.701345,175300
2018/11/1,18.780001,18.780001,14.57,14.97,13.902893,822500
2018/11/2,15.02,15.42,14.9,15.34,14.246522,305000
2018/11/5,15.3,16.629999,15.3,15.73,14.608719,263000
2018/11/6,15.75,16.23,15.74,16.120001,14.97092,133600
2018/11/7,16.09,16.35,15.7,16.209999,15.054503,205300
2018/11/8,16.77,17.559999,16.73,17.01,15.797478,271700
2018/11/9,17.1,17.469999,16.950001,17.200001,16.044685,229800
2018/11/12,17.059999,17.23,16.870001,17.049999,15.904749,146300
2018/11/13,16.9,17.33,16.9,16.92,15.783484,139700
2018/11/14,16.969999,16.99,16.200001,16.290001,15.195807,216600
2018/11/15,16.24,16.530001,16.110001,16.48,15.373037,115700
2018/11/16,16.389999,16.709999,16.32,16.610001,15.494309,93000
2018/11/19,16.549999,16.629999,16.129999,16.139999,15.055875,128600
2018/11/20,15.99,16.32,15.63,15.67,14.617447,171100
2018/11/21,15.77,16.6,15.77,16.41,15.307741,121700
2018/11/23,16.389999,16.389999,16.1,16.15,15.065206,32300
2018/11/26,16.33,16.48,16.059999,16.360001,15.261101,143000
2018/11/27,16.34,16.34,16.110001,16.219999,15.130503,83900
2018/11/28,16.24,16.5,16.049999,16.5,15.391694,147700
2018/11/29,16.469999,16.870001,16.34,16.790001,15.662218,174100
2018/11/30,16.790001,17.049999,16.48,17.040001,15.895428,177100
2018/12/3,17.1,17.48,16.790001,17.190001,16.035345,236800
2018/12/4,17.299999,17.389999,16.450001,16.51,15.401028,300000
2018/12/6,16.299999,16.629999,16,16.459999,15.354384,324900
2018/12/7,16.459999,16.58,15.98,16.040001,14.962596,147200
2018/12/10,16.02,16.280001,15.64,16.110001,15.027894,152200
2018/12/11,16.16,16.34,15.91,16.059999,14.981249,75500
2018/12/12,16.290001,16.68,16.059999,16.41,15.307741,403600
2018/12/13,16.4,16.469999,15.69,15.77,14.710729,102200
2018/12/14,15.66,15.71,15.46,15.47,14.430882,147300
2018/12/17,15.4,15.4,14.72,14.77,13.777902,181400
2018/12/18,14.88,15.19,14.74,14.86,13.861855,169600
2018/12/19,14.86,15.43,14.86,14.89,13.88984,121000
2018/12/20,14.85,15.16,14.75,14.76,13.768573,140800
2018/12/21,14.88,15.25,14.7,14.71,13.721932,355100
2018/12/24,14.63,14.77,14.5,14.5,13.526036,135500
2018/12/26,14.52,15.17,14.52,15.13,14.113721,237300
2018/12/27,14.95,15.35,14.86,15.33,14.300284,200700
2018/12/28,15.31,15.78,15.31,15.61,14.561478,158700
2018/12/31,15.64,15.71,15.3,15.5,14.458867,150100
2019/1/2,15.32,15.86,15.29,15.59,14.542821,129600
2019/1/3,15.51,15.71,15.27,15.39,14.356255,136500
2019/1/4,15.53,16.08,15.53,15.94,14.86931,182700
2019/1/7,15.94,16.200001,15.81,16.129999,15.046549,79600
2019/1/8,16.280001,16.51,16.23,16.49,15.382368,101500
2019/1/9,16.5,16.870001,16.49,16.58,15.466323,61700
2019/1/10,16.57,16.879999,16.5,16.639999,15.522292,80500
2019/1/11,16.540001,17.02,16.5,16.98,15.839458,91600
2019/1/14,16.860001,17.07,16.780001,16.860001,15.727512,97800
2019/1/15,16.82,17,16.58,16.99,15.84878,107800
2019/1/16,17.07,17.389999,16.969999,17,15.85811,133500
2019/1/17,17.780001,19.379999,17.76,19.26,17.966309,846900
2019/1/18,19.33,19.790001,19.1,19.629999,18.311451,321400
2019/1/22,19.4,19.870001,18.82,19.68,18.358099,171900
2019/1/23,19.77,19.91,19.4,19.66,18.339439,126400
2019/1/24,19.700001,19.780001,19.530001,19.75,18.423395,69400
2019/1/25,19.959999,19.959999,19.42,19.43,18.124889,70500
2019/1/28,19.4,19.75,19.4,19.68,18.358099,83100
2019/1/29,19.690001,19.84,19.559999,19.709999,18.38608,82800
2019/1/30,19.82,19.85,19.5,19.610001,18.292803,137800
2019/1/31,19.540001,19.66,19.290001,19.450001,18.143545,95000
2019/2/1,19.610001,19.76,19.32,19.709999,18.38608,74800
2019/2/4,19.6,19.84,19.6,19.74,18.414063,83800
2019/2/5,19.73,19.879999,19.629999,19.75,18.423395,55600
2019/2/6,19.77,19.790001,19.33,19.41,18.106236,76400
2019/2/7,19.34,19.48,18.889999,19.290001,17.994295,94500
2019/2/8,19.15,19.15,18.549999,18.74,17.549469,79400
2019/2/11,18.700001,19.18,18.549999,18.92,17.718033,164600
2019/2/12,18.9,19.440001,18.85,19.379999,18.148811,126800
2019/2/13,19.549999,19.67,19.35,19.41,18.176907,45800
2019/2/14,19.299999,19.5,19.09,19.129999,17.914692,89700
2019/2/15,19.200001,19.639999,19.18,19.59,18.345472,146000
2019/2/19,19.5,19.6,19.1,19.549999,18.30801,138100
2019/2/20,19.66,20.059999,19.52,19.92,18.654507,133400
2019/2/21,19.74,20.790001,19.530001,20.190001,18.907352,167000
2019/2/22,20.389999,21.08,20.379999,21,19.66589,434100
2019/2/25,21.1,21.34,20.940001,21.17,19.825089,145900
2019/2/26,21.17,21.540001,21.040001,21.16,19.815727,158600
2019/2/27,21.139999,21.290001,20.799999,20.98,19.647165,77400
2019/2/28,20.879999,21.1,20.59,21.01,19.675255,124400
2019/3/1,21.16,21.43,21.040001,21.43,20.068573,95300
2019/3/4,21.52,21.610001,21.32,21.389999,20.031118,103900
2019/3/5,21.41,21.65,21.280001,21.549999,20.180952,110900
2019/3/6,21.48,21.48,20.66,20.780001,19.459869,94700
2019/3/7,20.809999,20.809999,20.34,20.57,19.263212,95800
2019/3/8,20.41,21.1,20.41,20.99,19.656528,138000
2019/3/11,21.030001,21.1,20.709999,20.889999,19.562881,74500
2019/3/12,20.790001,20.91,20.34,20.370001,19.075914,101800
2019/3/13,20.299999,20.33,19.99,20.1,18.823072,103600
2019/3/14,20.139999,20.18,19.9,19.950001,18.682598,73600
2019/3/15,19.950001,20.059999,19.65,19.690001,18.439117,252800
2019/3/18,19.76,20.059999,19.76,20.01,18.738787,165900
2019/3/19,20.01,20.33,19.99,20.09,18.813705,79500
2019/3/20,20.049999,20.049999,19.389999,19.43,18.195633,127900
2019/3/21,19.43,19.76,19.379999,19.59,18.345472,98000
2019/3/22,19.51,19.530001,18.799999,18.83,17.633753,131600
2019/3/25,18.84,19,18.559999,18.91,17.70867,117000
2019/3/26,18.99,19.190001,18.940001,19.139999,17.924057,39700
2019/3/27,19.040001,19.23,18.879999,19.110001,17.895962,74900
2019/3/28,19.18,19.290001,19.040001,19.219999,17.998974,57100
2019/3/29,19.18,19.33,18.969999,19.25,18.027069,86700
2019/4/1,19.25,19.42,19.139999,19.190001,17.970884,48600
2019/4/2,19.190001,19.299999,18.959999,19.15,17.933422,79400
2019/4/3,19.049999,19.389999,19.049999,19.139999,17.924057,98900
2019/4/4,19.200001,19.450001,19.200001,19.43,18.195633,73900
2019/4/5,19.450001,19.6,19.32,19.35,18.120718,40400
2019/4/8,19.27,19.49,19.01,19.459999,18.223728,78300
2019/4/9,19.43,19.43,18.85,18.879999,17.680573,53800
2019/4/10,18.85,19.17,18.82,19.129999,17.914692,51200
2019/4/11,19.120001,19.190001,18.85,18.860001,17.661848,31700
2019/4/12,19,19.49,18.870001,19.440001,18.204998,110000
2019/4/15,19.4,19.440001,19.23,19.280001,18.055159,45900
2019/4/16,19.360001,19.360001,18.93,19.059999,17.849138,63100
2019/4/17,19.16,19.290001,18.889999,19.26,18.036436,76300
2019/4/18,19.209999,19.43,19.09,19.41,18.176907,57900
2019/4/22,19.309999,19.35,18.52,18.68,17.49328,59700
2019/4/23,18.67,18.950001,18.610001,18.870001,17.671209,75100
2019/4/24,18.889999,19.34,18.790001,19.25,18.027069,102200
2019/4/25,19.120001,19.129999,18.790001,18.84,17.643116,129700
2019/4/26,18.889999,18.98,18.629999,18.690001,17.502647,63800
2019/4/29,18.67,18.860001,18.35,18.459999,17.287256,132400
2019/4/30,18.52,18.58,17.26,17.549999,16.435066,286700
2019/5/1,17.530001,17.74,17.25,17.309999,16.210318,198600
2019/5/2,16.85,17.940001,16.58,17.77,16.64109,280100
2019/5/3,17.969999,18.719999,17.84,18.299999,17.137421,178500
2019/5/6,17.959999,18.74,17.959999,18.610001,17.427729,263100
2019/5/7,18.4,18.75,18.35,18.690001,17.502647,179400
2019/5/8,18.629999,19.059999,18.540001,18.74,17.549469,82700
2019/5/9,18.58,19.26,18.5,19.219999,17.998974,89700
2019/5/10,19.049999,19.5,19.049999,19.43,18.266912,72800
2019/5/13,19.139999,19.59,19.02,19.43,18.266912,115600
2019/5/14,19.450001,19.73,19.290001,19.370001,18.210506,102700
2019/5/15,19.18,19.76,19.02,19.549999,18.379732,81500
2019/5/16,19.6,19.879999,19.59,19.65,18.473747,78900
2019/5/17,19.469999,19.959999,19.469999,19.559999,18.389132,91600
2019/5/20,19.450001,19.879999,19.42,19.610001,18.436142,92100
2019/5/21,19.68,20.33,19.68,20.309999,19.09424,96500
2019/5/22,20.209999,20.52,20.049999,20.209999,19.000221,73200
2019/5/23,20.059999,20.379999,19.98,20.18,18.972021,71500
2019/5/24,20.290001,20.620001,20.209999,20.57,19.338675,68500
2019/5/28,20.52,20.620001,19.629999,19.65,18.473747,77500
2019/5/29,19.610001,19.610001,19.110001,19.18,18.031878,83000
2019/5/30,19.26,19.290001,18.799999,19,17.862654,92700
2019/5/31,18.73,18.790001,17.809999,18.219999,17.129343,197000
2019/6/3,18.16,18.459999,18,18.370001,17.270367,193600
2019/6/4,18.5,19.049999,18.48,18.969999,17.83445,69100
2019/6/5,18.99,19.33,18.51,18.790001,17.665226,78700
2019/6/6,18.790001,18.85,18.57,18.74,17.618217,86800
2019/6/7,18.870001,19.02,18.5,18.799999,17.674625,99000
2019/6/10,18.790001,19.209999,18.780001,18.9,17.768639,96000
2019/6/11,19,19.139999,18.52,18.610001,17.496004,84200
2019/6/12,18.57,19,18.530001,18.82,17.69343,62300
2019/6/13,19.030001,19.33,18.93,19.27,18.116491,80700
2019/6/14,19.209999,19.66,19.15,19.52,18.351528,46000
2019/6/17,19.559999,19.68,19.33,19.4,18.238708,39100
2019/6/18,19.469999,19.85,19.299999,19.34,18.182306,49000
2019/6/19,18.629999,19.43,18.620001,19.4,18.238708,65900
2019/6/20,19.57,19.57,19.27,19.35,18.191706,72700
2019/6/21,19.17,19.280001,18.969999,19.110001,17.966072,77600
2019/6/24,19.030001,19.26,18.700001,18.98,17.843851,72400
2019/6/25,18.92,18.969999,18.58,18.73,17.60882,65900
2019/6/26,18.76,18.77,18.51,18.73,17.60882,48700
2019/6/27,18.719999,18.92,18.51,18.82,17.69343,60600
2019/6/28,18.82,19.08,18.74,19.01,17.872057,295200
2019/7/1,19.07,19.219999,18.57,18.67,17.55241,97400
2019/7/2,18.73,18.870001,18.549999,18.84,17.712231,42800
2019/7/3,18.799999,18.969999,18.790001,18.950001,17.815645,11700
2019/7/5,18.809999,19.049999,18.66,19.02,17.881458,49700
2019/7/8,18.969999,18.969999,18.43,18.459999,17.354977,39700
2019/7/9,18.42,18.42,18.110001,18.23,17.138744,47000
2019/7/10,18.280001,18.59,18.209999,18.57,17.458395,67700
2019/7/11,18.559999,18.610001,18.26,18.379999,17.279766,40300
2019/7/12,18.360001,18.690001,18.33,18.58,17.467796,43700
2019/7/15,18.629999,18.709999,18.309999,18.67,17.55241,47300
2019/7/16,18.610001,18.84,18.459999,18.5,17.39259,46000
2019/7/17,18.440001,18.5,18.129999,18.309999,17.213955,52700
2019/7/18,18.219999,18.379999,18.040001,18.200001,17.110542,42900
2019/7/19,18.139999,18.35,18.07,18.09,17.007126,50000
2019/7/22,18.09,18.48,18.07,18.440001,17.336176,47500
2019/7/23,18.49,18.51,18,18.469999,17.36438,92700
2019/7/24,18.389999,18.82,18.299999,18.780001,17.655823,45700
2019/7/25,18.790001,19.120001,18.77,18.940001,17.806248,60600
2019/7/26,19.01,19.309999,19.01,19.15,18.003674,32700
2019/7/29,19.120001,19.469999,19,19.35,18.191706,49800
2019/7/30,19.27,19.559999,19.07,19.459999,18.295118,61500
2019/7/31,19.459999,19.68,19.040001,19.120001,17.975471,118000
2019/8/1,19.860001,22.940001,19.75,22.34,21.002718,151400
2019/8/2,22.219999,22.6,21.620001,21.92,20.607862,78800
2019/8/5,21.620001,22.68,21.620001,22.5,21.153141,118500
2019/8/6,22.559999,22.950001,22.200001,22.34,21.002718,124700
2019/8/7,22.17,22.719999,22.110001,22.25,20.91811,86800
2019/8/8,22.4,22.77,22.17,22.6,21.247158,180800
2019/8/9,22.4,22.860001,22.389999,22.450001,21.176413,84800
2019/8/12,22.35,22.610001,22.16,22.219999,20.959463,66100
2019/8/13,22.25,22.639999,21.73,21.85,20.610453,77000
2019/8/14,21.690001,22.27,21.67,22.18,20.921732,127500
2019/8/15,22.26,22.620001,21.969999,22,20.751942,83900
2019/8/16,22.07,22.639999,22,22.49,21.214142,81800
2019/8/19,22.629999,22.83,22.540001,22.65,21.365068,44200
2019/8/20,22.540001,22.75,22.17,22.200001,20.940596,42200
2019/8/21,22.200001,22.219999,21.790001,21.83,20.591583,43000
2019/8/22,21.92,22.09,21.469999,21.51,20.28974,58300
2019/8/23,21.4,21.459999,20.799999,20.99,19.79924,98200
2019/8/26,21.1,21.639999,21.09,21.52,20.299171,73200
2019/8/27,21.639999,21.719999,20.91,20.959999,19.770939,55200
2019/8/28,20.860001,21.32,20.860001,21.129999,19.931299,64500
2019/8/29,21.34,21.459999,21.059999,21.1,19.902998,36300
2019/8/30,21.120001,21.389999,21.01,21.27,20.063353,101600
2019/9/3,21.200001,21.33,20.65,21.129999,19.931299,55300
2019/9/4,21.23,21.27,20.99,21.08,19.88413,34900
2019/9/5,21.25,21.610001,21,21.309999,20.101086,57500
2019/9/6,21.4,21.700001,21.16,21.190001,19.987894,70000
2019/9/9,21.23,21.620001,21.16,21.389999,20.176546,50200
2019/9/10,21.389999,22.33,21.25,21.9,20.657612,102200
2019/9/11,21.969999,22.549999,21.969999,22.540001,21.261307,93000
2019/9/12,22.639999,22.85,22.360001,22.450001,21.176413,131600
2019/9/13,22.65,22.889999,22.48,22.690001,21.402796,81000
2019/9/16,22.66,22.67,22.41,22.5,21.223576,144800
2019/9/17,22.48,22.809999,22.4,22.639999,21.355635,72200
2019/9/18,22.790001,22.940001,22.389999,22.41,21.138678,147500
2019/9/19,22.4,22.700001,22.200001,22.219999,20.959463,67700
2019/9/20,22.26,22.32,21.709999,21.76,20.525555,170200
2019/9/23,21.629999,21.950001,21.59,21.59,20.3652,88500
2019/9/24,21.67,21.85,21.26,21.280001,20.072786,103300
2019/9/25,21.35,21.75,21.35,21.700001,20.468962,85900
2019/9/26,21.66,21.860001,21.09,21.299999,20.09165,56800
2019/9/27,21.299999,21.41,20.82,20.91,19.723776,48500
2019/9/30,20.82,21.120001,20.42,20.440001,19.280445,70400
2019/10/1,20.68,21.049999,20.5,20.620001,19.450232,112900
2019/10/2,20.469999,20.959999,20.41,20.92,19.733206,96700
2019/10/3,20.91,21.08,20.52,20.75,19.572855,112300
2019/10/4,20.68,20.83,20.43,20.610001,19.440796,94800
2019/10/7,20.540001,20.99,20.5,20.620001,19.450232,165700
2019/10/8,20.540001,21.32,20.51,20.969999,19.780376,226200
2019/10/9,20.969999,21.530001,20.700001,20.860001,19.676613,64200
2019/10/10,20.950001,21.48,20.9,21.309999,20.101086,109700
2019/10/11,21.5,21.74,21.27,21.299999,20.09165,82600
2019/10/14,21.09,21.42,21.08,21.33,20.119949,66000
2019/10/15,21.389999,21.610001,21.360001,21.49,20.27087,116300
2019/10/16,21.42,21.49,21.07,21.08,19.88413,74400
2019/10/17,21.209999,21.639999,21.1,21.49,20.27087,115200
2019/10/18,21.389999,21.610001,21.389999,21.469999,20.252008,85700
2019/10/21,21.610001,21.940001,21.610001,21.68,20.450096,79900
2019/10/22,21.629999,21.790001,21.379999,21.389999,20.176546,39100
2019/10/23,21.4,21.530001,21.370001,21.459999,20.242575,67100
2019/10/24,21.6,21.639999,21.4,21.6,20.374634,74300
2019/10/25,21.59,22.129999,21.540001,22,20.751942,114900
2019/10/28,22.02,22.93,22.02,22.780001,21.487692,173400
2019/10/29,22.9,26.700001,22.6,26.559999,25.053253,555000
2019/10/30,26.6,26.809999,25.629999,26.16,24.675943,181000
2019/10/31,26.129999,26.27,25.540001,25.76,24.298635,122700
2019/11/1,25.76,26.84,25.690001,26.299999,24.808004,86900
2019/11/4,26.200001,26.25,25.43,25.629999,24.176012,60100
2019/11/5,25.809999,26.129999,25.549999,25.59,24.138283,65300
2019/11/6,25.49,25.77,24.969999,25.040001,23.619482,80300
2019/11/7,24.99,25.469999,24.68,25.42,24.049959,105800
2019/11/8,25.379999,25.5,24.799999,24.870001,23.529602,44600
2019/11/11,24.66,24.98,24.23,24.299999,22.990316,62200
2019/11/12,24.33,24.790001,24.27,24.709999,23.378227,59400
2019/11/13,24.620001,24.66,24.27,24.4,23.084936,35400
2019/11/14,24.450001,24.75,24.280001,24.5,23.179546,63000
2019/11/15,24.65,24.65,24.209999,24.309999,22.999784,46900
2019/11/18,24.299999,24.42,24.139999,24.370001,23.056551,48900
2019/11/19,24.200001,24.35,24.120001,24.129999,22.829483,107100
2019/11/20,24.059999,24.33,24,24.200001,22.895716,125200
2019/11/21,24.309999,24.35,23.950001,23.99,22.697029,36000
2019/11/22,24.059999,24.059999,23.67,23.68,22.403738,46800
2021/11/23,52.939999,54.470001,52.939999,54.119999,52.551105,237600
2021/11/24,54.029999,55.02,53.830002,53.860001,52.298641,175800
2021/11/26,52.900002,53.18,51.919998,52.950001,51.415028,106400
2021/11/29,53.130001,53.259998,51.02,51.150002,49.667202,160300
2021/11/30,51,52.599998,50.810001,51.740002,50.240101,325400
2021/12/1,52.669998,53.43,52,52.07,50.560528,200100
2021/12/2,52.080002,54.299999,52.040001,53.880001,52.318058,168100
2021/12/3,53.959999,54.029999,52.790001,53.259998,51.716038,179700
2021/12/6,53.580002,54.73,52.98,54.509998,52.929802,159200
2021/12/7,54.959999,56.560001,54.950001,55.459999,53.852261,186500
2021/12/8,55.830002,57.869999,55.619999,57.540001,55.871964,233500
2021/12/9,57.080002,58.330002,55.330002,55.439999,53.83284,215400
2021/12/10,55.299999,56.82,55.299999,56.23,54.599941,152000
2021/12/13,55.950001,57.27,55.43,56.16,54.531967,202200
2021/12/14,55.990002,57.540001,55.52,55.630001,54.017334,268900
2021/12/15,55.720001,58.209999,55.599998,57.529999,55.862247,276800
2021/12/16,57.779999,58.689999,57.59,58.330002,56.639061,503800
2021/12/17,58.07,60.110001,57.560001,59.419998,57.69746,483000
2021/12/20,59.259998,59.549999,56,59.240002,57.522682,336000
2021/12/21,59.639999,60.970001,59.240002,60.889999,59.124851,190500
2021/12/22,60.880001,63.09,60.880001,63.080002,61.251358,201500
2021/12/23,63.099998,63.900002,62.459999,62.66,60.84354,255200
2021/12/27,63.09,64.110001,62.099998,63.799999,61.950485,189400
2021/12/28,64.400002,66.290001,64.129997,64.989998,63.105991,142900
2021/12/29,65.199997,66.330002,64.830002,65.910004,63.999329,134300
2021/12/30,65.910004,66.330002,64.410004,64.489998,62.620487,129700
2021/12/31,64.870003,65.379997,64.419998,64.440002,62.571945,204200
2022/1/3,64.639999,65.160004,61.049999,61.740002,59.950211,180800
2022/1/4,61.959999,62.990002,61.389999,61.5,59.717163,146400
2022/1/5,61.470001,61.650002,58.810001,59.119999,57.406162,230900
2022/1/6,58.919998,59.869999,58.16,59.470001,57.746014,115900
2022/1/7,59.200001,59.459999,57.759998,57.970001,56.289497,108200
2022/1/10,57.43,57.57,56.389999,57.400002,55.736027,122900
2022/1/11,57.360001,57.360001,56.34,57.32,55.658337,117100
2022/1/12,57.330002,58.360001,56.990002,57.830002,56.153557,210500
2022/1/13,58.279999,58.470001,57.349998,58.189999,56.503117,81100
2022/1/14,57.75,58.310001,57.310001,58.099998,56.415726,139300
2022/1/18,57.799999,57.799999,55.610001,55.720001,54.104721,122500
2022/1/19,56.049999,56.049999,54.630001,54.66,53.075447,204300
2022/1/20,54.75,55.220001,52.349998,52.48,50.958649,214900
2022/1/21,52.450001,53.029999,51.509998,52.080002,50.57024,210300
2022/1/24,51.299999,53.209999,50.279999,52.830002,51.2985,138000
2022/1/25,52.18,52.540001,50.849998,50.900002,49.424454,125100
2022/1/26,51.639999,52.34,49.369999,49.919998,48.472858,141600
2022/1/27,50.049999,50.799999,47.880001,48.130001,46.734753,144200
2022/1/28,48.389999,48.759998,46.799999,48.75,47.336781,149000
2022/1/31,48.52,50.32,48.419998,50.32,48.861263,134900
2022/2/1,50.34,50.779999,49.02,49.830002,48.385471,92400
2022/2/2,50.130001,50.130001,48.560001,49.349998,47.919384,122000
2022/2/3,48.790001,49.740002,48.619999,48.889999,47.472721,82500
2022/2/4,48.369999,49.34,47.18,48.689999,47.388042,188300
2022/2/7,49.049999,50.66,49.049999,50.07,48.731144,230400
2022/2/8,50.130001,51.150002,50.029999,50.900002,49.538948,173600
2022/2/9,51.540001,52.369999,51.529999,52.290001,50.891781,221700
2022/2/10,51.720001,52.310001,51.029999,51.310001,49.937988,189700
2022/2/11,51.450001,51.939999,50.080002,50.509998,49.15937,93900
2022/2/14,50.599998,51.630001,50.400002,50.799999,49.44162,193000
2022/2/15,51.700001,52.099998,50.939999,51.610001,50.229965,113100
2022/2/16,51.59,51.849998,50.580002,51.09,49.723866,104900
2022/2/17,50.84,50.84,49.099998,49.32,48.001198,110600
2022/2/18,49.080002,49.950001,48.669998,49.5,48.17638,130500
2022/2/22,49.080002,50.540001,48.970001,49.490002,48.166656,107200
2022/2/23,50.099998,50.32,49.049999,49.48,48.156918,125300
2022/2/24,48.349998,49.709999,47.07,48.98,47.670288,189600
2022/2/25,49.310001,50.369999,47.529999,50.34,48.993923,136900
2022/2/28,49.799999,50.52,48.950001,49.209999,47.894135,122800
2022/3/1,49.470001,50.490002,48.889999,49.889999,48.555954,166200
2022/3/2,50.07,51.700001,50.07,50.810001,49.451351,117700
2022/3/3,50.84,51.380001,50,50.57,49.217773,89900
2022/3/4,49.959999,51.509998,49.59,51.209999,49.840656,117400
2022/3/7,51.119999,51.889999,50.029999,50.66,49.305363,141500
2022/3/8,50.560001,51.91,50.509998,50.68,49.324829,154100
2022/3/9,51.290001,52.040001,50.200001,50.490002,49.139912,191300
2022/3/10,49.990002,51.84,49.990002,51.639999,50.259167,107200
2022/3/11,51.849998,52.889999,51.049999,51.16,49.791996,104700
2022/3/14,51.310001,52.720001,51.16,52.610001,51.203224,175300
2022/3/15,52.889999,53.91,52.529999,53.360001,51.93317,137400
2022/3/16,53.990002,54.75,53.529999,54.650002,53.188679,123000
2022/3/17,54.490002,54.900002,54.049999,54.130001,52.682583,100200
2022/3/18,54.189999,56.279999,54.02,56.060001,54.560974,179200
2022/3/21,56.16,56.16,55.029999,55.25,53.772633,97400
2022/3/22,55.389999,55.900002,55.02,55.169998,53.694771,74300
2022/3/23,55.049999,55.049999,53.139999,53.349998,51.923435,128500
2022/3/24,53.369999,54.650002,52.950001,54.59,53.130276,82200
2022/3/25,54.549999,54.939999,53.759998,54.860001,53.393063,83700
2022/3/28,55.09,55.200001,53.709999,54.220001,52.770168,74600
2022/3/29,54.73,54.84,52.77,52.919998,51.504936,123300
2022/3/30,52.700001,53.290001,52.380001,52.849998,51.436806,283600
2022/3/31,53.080002,54.099998,52.560001,53.330002,51.903973,209300
2022/4/1,53.279999,53.279999,51.150002,52.490002,51.086441,134200
2022/4/4,52.400002,52.509998,50.84,52.330002,50.93071,108500
2022/4/5,52.25,53.169998,52,52.619999,51.212952,111900
2022/4/6,52.5,52.790001,50.919998,51.110001,49.743336,103300
2022/4/7,51.09,52,50.849998,51.610001,50.229965,68700
2022/4/8,51.5,52.470001,51.389999,51.619999,50.239697,92800
2022/4/11,51.459999,51.630001,50.830002,50.880001,49.519478,49900
2022/4/12,51.310001,52.07,51.279999,51.529999,50.1521,61700
2022/4/13,51.490002,52.209999,51.02,52,50.609531,76700
2022/4/14,52.290001,52.619999,51.779999,51.880001,50.492744,74300
2022/4/18,51.799999,52.650002,51.619999,52.209999,50.813911,53100
2022/4/19,52.049999,53.630001,52.049999,53.139999,51.719048,68700
2022/4/20,53.439999,53.950001,52.709999,52.990002,51.573063,82300
2022/4/21,53.279999,53.68,52.02,52.27,50.872314,57600
2022/4/22,52.02,52.07,49.41,49.59,48.263977,262600
2022/4/25,49.049999,49.790001,48.349998,49.73,48.400234,120400
2022/4/26,49.439999,50.419998,48.310001,48.48,47.183659,80400
2022/4/27,48.529999,49.110001,48.32,48.619999,47.319916,114400
2022/4/28,49.630001,49.630001,44.360001,44.869999,43.670189,283800
2022/4/29,44.32,44.599998,42.369999,42.889999,41.74313,193100
2022/5/2,43.049999,44.049999,41.32,42.150002,41.022926,140100
2022/5/3,41.98,42.040001,41.07,41.57,40.458431,139200
2022/5/4,42.139999,43.57,41.580002,43.34,42.181103,139900
2022/5/5,42.810001,42.950001,40.880001,41.490002,40.380569,85600
2022/5/6,41.330002,41.529999,40.220001,41.299999,40.30542,112400
2022/5/9,40.669998,40.799999,39.5,40.07,39.105045,171400
2022/5/10,40.23,40.970001,39.150002,39.290001,38.343826,263400
2022/5/11,39.59,40.700001,38.900002,38.990002,38.051056,212500
2022/5/12,39.110001,40,38.610001,39.490002,38.539017,124400
2022/5/13,39.900002,40.549999,39.490002,39.52,38.568287,74700
2022/5/16,39.380001,40.060001,39.169998,39.52,38.568287,207400
2022/5/17,39.970001,40.830002,39.84,40.669998,39.690594,93400
2022/5/18,40.139999,40.23,38.509998,38.68,37.748516,91300
2022/5/19,38.360001,39.16,37.779999,38.5,37.572857,117900
2022/5/20,38.709999,38.84,37.330002,38.330002,37.406952,97700
2022/5/23,38.740002,39.330002,38.119999,38.709999,37.777798,103000
2022/5/24,39.07,39.119999,38,38.799999,37.865627,89800
2022/5/25,38.419998,39.740002,38.419998,39.16,38.216961,114900
2022/5/26,39.57,40.57,39.419998,40.049999,39.085529,75200
2022/5/27,40.110001,40.759998,40.049999,40.419998,39.446617,93800
2022/5/31,40.220001,40.77,39.529999,40.369999,39.39782,216100
2022/6/1,40.700001,41.220001,40,40.869999,39.88578,84500
2022/6/2,40.939999,41.75,40.900002,41.599998,40.598202,76600
2022/6/3,41.310001,41.330002,40.439999,40.639999,39.661316,71400
2022/6/6,40.93,41.560001,40.220001,41.369999,40.373741,88000
2022/6/7,40.990002,41.939999,40.990002,41.889999,40.881214,70100
2022/6/8,41.709999,41.880001,40.919998,41.099998,40.110237,90900
2022/6/9,40.66,41.330002,40.110001,40.919998,39.93457,139300
2022/6/10,40.259998,40.259998,39.099998,39.57,38.617092,155600
2022/6/13,38.869999,38.869999,37.09,37.34,36.440788,180500
2022/6/14,37.299999,38,37.150002,37.91,36.997059,123900
2022/6/15,38,38.82,37.919998,38.380001,37.455746,186400
2022/6/16,37.84,37.84,35.689999,35.98,35.113544,133400
2022/6/17,36.099998,36.349998,35.459999,35.639999,34.781731,233600
2022/6/21,36.349998,37.759998,36.139999,37.740002,36.831158,120400
2022/6/22,37.009998,37.619999,36.5,36.880001,35.991867,163100
2022/6/23,36.91,37.57,36.57,37.560001,36.655491,136900
2022/6/24,37.639999,39.400002,37.639999,39.400002,38.451187,602800
2022/6/27,39.610001,39.98,38.630001,39.810001,38.851311,127200
2022/6/28,40.07,40.630001,39.32,39.34,38.392628,146100
2022/6/29,39.43,39.43,38.720001,39.009998,38.070572,117100
2022/6/30,38.52,39.650002,37.830002,39.650002,38.695156,155000
2022/7/1,39.419998,40.310001,39.34,40.23,39.261192,72500
2022/7/5,39.759998,40.009998,38.950001,39.93,38.968418,76600
2022/7/6,40.080002,40.220001,39.200001,39.540001,38.587811,72100
2022/7/7,39.740002,40.349998,39.740002,39.939999,38.978168,56300
2022/7/8,39.900002,40.18,39.580002,39.98,39.017212,50000
2022/7/11,39.790001,40.099998,39.25,39.369999,38.421902,47100
2022/7/12,39.25,39.759998,39.09,39.169998,38.226715,66100
2022/7/13,39,39.34,38.68,39.080002,38.138885,70200
2022/7/14,38.549999,39.689999,38.450001,39.32,38.373112,60400
2022/7/15,39.98,40.869999,39.669998,40.389999,39.417339,65800
2022/7/18,40.849998,41.009998,39.439999,39.599998,38.646358,47800
2022/7/19,40.130001,41.209999,40.130001,41.110001,40.119999,73100
2022/7/20,40.98,41.490002,40.669998,41.25,40.25663,64900
2022/7/21,41.169998,42.52,40.889999,42.52,41.496044,60600
2022/7/22,42.580002,42.889999,41.990002,42.540001,41.515564,50200
2022/7/25,42.529999,43.169998,42.150002,42.91,41.876656,205700
2022/7/26,42.91,43.669998,42.810001,43.669998,42.618347,94100
2022/7/27,44.060001,44.52,43.220001,44.049999,42.989197,112900
2022/7/28,39.009998,39.689999,35.240002,36.84,35.952827,358500
2022/7/29,36.779999,36.84,34.700001,36.279999,35.406319,250100
2022/8/1,35.939999,37.959999,35.540001,37.700001,36.792122,224600
2022/8/2,37.84,40.380001,37.5,38.66,37.728996,233700
2022/8/3,38.650002,38.700001,35.810001,36,35.133057,189700
2022/8/4,36.16,36.369999,34.220001,34.240002,33.415443,143900
2022/8/5,34.540001,36.810001,34.32,36.68,35.915215,184500
2022/8/8,37.130001,37.650002,35.740002,35.82,35.073147,164900
2022/8/9,36.200001,36.41,35.639999,36.380001,35.621468,72600
2022/8/10,37.009998,38.93,36.959999,38.52,37.71685,108400
2022/8/11,38.720001,39.130001,37.860001,38.040001,37.246861,85700
2022/8/12,38.400002,40.060001,38.310001,39.849998,39.019115,87000
2022/8/15,40.5,41.509998,40.200001,41.029999,40.174515,175100
2022/8/16,40.580002,41.389999,40.41,40.630001,39.782852,124700
2022/8/17,40.400002,40.91,40.029999,40.630001,39.782852,127200
2022/8/18,40.369999,40.84,40.049999,40.41,39.56744,69600
2022/8/19,40.150002,40.68,39.689999,40.18,39.342232,118500
2022/8/22,39.639999,39.66,37.93,38.27,37.472057,105000
2022/8/23,38.220001,39.150002,38.220001,38.77,37.961636,71600
2022/8/24,38.509998,39.099998,38.130001,38.560001,37.756012,70100
2022/8/25,38.91,38.91,38.110001,38.380001,37.579769,47000
2022/8/26,38.029999,38.360001,37.43,37.52,36.737701,87900
2022/8/29,37.099998,37.299999,36.66,37.009998,36.238327,64600
2022/8/30,37.130001,37.130001,36.380001,36.43,35.670422,113600
2022/8/31,36.650002,36.869999,35.040001,35.41,34.671692,204800
2022/9/1,35.200001,36.18,35.07,35.66,34.916477,92500
2022/9/2,36.209999,36.32,35.41,35.68,34.936062,70700
2022/9/6,35.950001,35.950001,34.84,35.27,34.534611,74500
2022/9/7,35.349998,35.669998,34.810001,35.610001,34.867519,63700
2022/9/8,35.400002,35.400002,34.639999,34.900002,34.172329,63500
2022/9/9,35.310001,35.630001,34.779999,35.450001,34.710861,54600
2022/9/12,35.639999,36.59,35.32,36.279999,35.523556,103200
2022/9/13,35.68,35.950001,34.799999,35.02,34.289822,80300
2022/9/14,35.009998,35.009998,34.09,34.560001,33.839417,98600
2022/9/15,34.330002,34.939999,34.189999,34.41,33.692543,81800
2022/9/16,34.119999,34.16,32.790001,34.09,33.379211,211900
2022/9/19,33.779999,34.32,33.400002,33.779999,33.07568,65000
2022/9/20,33.419998,33.790001,32.5,33.07,32.380478,116800
2022/9/21,33.080002,33.990002,32.529999,32.650002,31.969242,93400
2022/9/22,32.57,32.57,31.379999,31.77,31.107588,118500
2022/9/23,31.290001,31.290001,30.450001,30.99,30.343847,112500
2022/9/26,30.77,31.76,30.77,31.209999,30.559261,133800
2022/9/27,31.42,32.27,31.01,31.58,30.921549,154000
2022/9/28,31.870001,33.150002,31.68,32.84,32.155277,122600
2022/9/29,32.41,32.41,31.360001,32.119999,31.450285,89600
2022/9/30,32.080002,33.240002,32.040001,32.16,31.489454,124300
2022/10/3,32.619999,33.91,32,33.57,32.87006,107300
2022/10/4,33.740002,34.630001,33.740002,34.16,33.447754,242900
2022/10/5,33.849998,34.32,33.48,33.59,32.889645,104600
2022/10/6,33.48,33.790001,33.150002,33.310001,32.615475,92500
2022/10/7,33,33,31.65,32.23,31.557997,95900
2022/10/10,32.060001,33.200001,32.060001,32.779999,32.096523,63800
2022/10/11,32.869999,33.23,31.92,32.389999,31.714659,100900
2022/10/12,32.419998,32.720001,31.74,31.790001,31.127169,113000
2022/10/13,31.219999,32.07,31,31.49,30.833426,161200
2022/10/14,31.700001,31.82,30.879999,30.940001,30.294893,108600
2022/10/17,31.459999,32,31.459999,31.690001,31.029257,110700
2022/10/18,32.169998,32.919998,31.98,32.5,31.822365,144600
2022/10/19,32.169998,32.66,31.25,31.469999,30.813841,86500
2022/10/20,31.57,31.83,30.68,30.76,30.118647,97000
2022/10/21,30.74,31.030001,29.969999,30.690001,30.050104,103000
2022/10/24,31,31.129999,30.4,30.76,30.118647,89300
2022/10/25,30.549999,31.74,30.450001,31.469999,30.813841,61900
2022/10/26,31.66,32.669998,31.559999,32.07,31.401331,143200
2022/10/27,28.299999,28.370001,23.35,23.4,22.912102,514100
2022/10/28,23.58,24.52,22.709999,24.299999,23.793337,282500
2022/10/31,24.559999,24.77,23.59,24.41,23.901043,177200
2022/11/1,24.719999,24.719999,23.4,23.879999,23.382093,169700
2022/11/2,24.059999,25.120001,23.77,24.129999,23.626881,296000
2022/11/3,24.059999,24.219999,23.309999,23.48,22.990435,153400
2022/11/4,23.67,24.049999,22.76,24,23.613234,182600
2022/11/7,24.01,24.860001,23.610001,24.809999,24.410179,136900
2022/11/8,24.860001,26.6,24.860001,26.139999,25.718748,218900
2022/11/9,25.790001,25.82,24.4,24.43,24.036306,124700
2022/11/10,25.51,26.309999,25.299999,25.959999,25.541647,107200
2022/11/11,26.01,26.01,25.07,25.4,24.990673,113900
2022/11/14,25.35,25.65,24.780001,24.83,24.429857,63700
2022/11/15,25.27,25.59,24.879999,25.290001,24.882446,58800
2022/11/16,25.25,25.25,24.540001,24.74,24.341307,109600
2022/11/17,24.540001,25.15,24.5,24.790001,24.390505,53900
2022/11/18,25.209999,25.209999,23.91,24.07,23.682104,79400
2022/11/21,24.15,24.209999,23.41,23.879999,23.495167,85500
2022/11/22,23.98,24.309999,23.66,23.950001,23.564041,54900
2022/11/23,24.030001,24.360001,23.82,24.139999,23.750978,48900
2022/11/25,24.02,24.639999,23.91,24.209999,23.819851,51100
2022/11/28,24.200001,24.209999,23.65,23.940001,23.554203,84500
2022/11/29,24.02,24.17,23.6,23.690001,23.308231,74000
2022/11/30,23.700001,25.200001,22.860001,25.15,24.744699,145100
2022/12/1,25.139999,25.200001,23.75,24.790001,24.390505,169000
2022/12/2,24.83,25.74,24.26,25.01,24.606958,143900
2022/12/5,25.01,25.139999,24.280001,24.52,24.124855,120300
2022/12/6,24.51,24.559999,24.15,24.52,24.124855,102100
2022/12/7,24.459999,25.190001,24.440001,25.040001,24.636477,137600
2022/12/8,25.040001,25.27,24.17,24.440001,24.046144,88400
2022/12/9,24.4,25.24,24.18,24.52,24.124855,67900
2022/12/12,24.48,24.48,24.030001,24.209999,23.819851,77900
2022/12/13,25.110001,26.790001,25.040001,26.35,25.925364,275400
2022/12/14,26.290001,26.9,25.629999,25.870001,25.4531,184800
2022/12/15,25.639999,26.049999,25.049999,25.82,25.403904,153600
2022/12/16,25.780001,27.84,25.76,27.610001,27.16506,340700
2022/12/19,27.51,27.51,26.48,26.65,26.220528,157900
2022/12/20,26.49,27.290001,26.15,26.959999,26.525534,176700
2022/12/21,26.950001,27.68,26.950001,27.17,26.732149,134100
2022/12/22,26.950001,27.299999,26.43,27.299999,26.860052,89400
2022/12/23,27,27.709999,27,27.469999,27.027311,87700
2022/12/27,27.51,27.51,26.85,27.139999,26.702633,52900
2022/12/28,27.190001,27.719999,27.1,27.200001,26.761665,135800
2022/12/29,27.18,27.700001,27.01,27.629999,27.184734,75700
2022/12/30,27.540001,27.889999,27.35,27.540001,27.096188,85900
2023/1/3,27.6,28.620001,27.6,28.559999,28.099747,161600
2023/1/4,28.719999,29.33,28.559999,29.129999,28.660563,82700
2023/1/5,29.07,29.15,28.35,28.940001,28.473625,139000
2023/1/6,29.26,30.299999,29.08,30.030001,29.546061,67400
2023/1/9,30.09,30.32,29.25,29.27,28.798307,82500
2023/1/10,29,30.290001,29,30.23,29.742836,62800
2023/1/11,30.33,30.75,30.059999,30.360001,29.870741,58100
2023/1/12,30.719999,30.719999,30.059999,30.209999,29.723158,68600
2023/1/13,30.08,30.440001,29.799999,30.27,29.782192,74700
2023/1/17,30.33,31.24,30.33,30.559999,30.067518,77600
2023/1/18,30.76,30.9,30.059999,30.110001,29.624769,54000
2023/1/19,29.76,30.48,29.51,30.370001,29.880581,52400
2023/1/20,30.610001,30.77,30.110001,30.57,30.077356,63500
2023/1/23,30.719999,31.23,30.370001,30.65,30.156067,68100
2023/1/24,31.73,31.73,30.709999,30.85,30.352846,98700
2023/1/25,30.700001,30.85,30.34,30.85,30.352846,47700
2023/1/26,31,31.530001,30.700001,31.49,30.982531,48000
2023/1/27,31.41,31.67,31.190001,31.290001,30.785755,39800
2023/1/30,31.139999,31.35,30.68,31.1,30.598818,63400
2023/1/31,31.219999,32.459999,31.219999,32.419998,31.897543,89300
2023/2/1,32.490002,32.869999,31.85,32.41,31.887709,76300
2023/2/2,32.779999,33.09,32.369999,32.700001,32.173035,63600
2023/2/3,32.34,33.110001,32.099998,32.66,32.245106,106400
2023/2/6,32.669998,32.98,32.169998,32.490002,32.077267,124000
2023/2/7,32.389999,32.389999,31.709999,32.200001,31.790947,69800
2023/2/8,32.130001,32.130001,31.27,31.4,31.001112,67800
2023/2/9,31.68,31.809999,30.65,30.68,30.290257,73800
2023/2/10,30.76,31.709999,30.620001,31.620001,31.218315,74800
2023/2/13,31.66,32.529999,31.549999,32.5,32.087139,82800
2023/2/14,32.380001,32.98,32.310001,32.73,32.314213,78000
2023/2/15,32.77,34.32,32.77,34.290001,33.854401,120900
2023/2/16,33.849998,34.18,33.459999,33.849998,33.419987,92200
2023/2/17,33.98,34.23,33.389999,33.48,33.054684,90600
2023/2/21,33.060001,33.709999,32.509998,32.689999,32.274719,131300
2023/2/22,32.939999,33.23,32.029999,33.009998,32.590652,85600
2023/2/23,33.009998,35.990002,32.799999,35.459999,35.009537,258800
2023/2/24,35.330002,35.330002,33.439999,34.02,33.587826,166900
2023/2/27,34.400002,34.759998,33.799999,34.02,33.587826,101300
2023/2/28,33.98,34.34,33.740002,33.919998,33.489094,114700
2023/3/1,33.919998,34.509998,32.91,33.959999,33.528591,124000
2023/3/2,33.720001,34.130001,33.470001,33.880001,33.449608,91700
2023/3/3,34,34.139999,33.630001,33.98,33.548336,60200
2023/3/6,33.98,34.029999,33.07,33.349998,32.926338,104300
2023/3/7,33.220001,33.849998,33.110001,33.77,33.341003,89900
2023/3/8,33.740002,33.869999,32.599998,33,32.58078,69500
2023/3/9,32.959999,33.27,32.34,32.560001,32.146378,66300
2023/3/10,32.279999,32.380001,31.200001,32.119999,31.711964,168000
2023/3/13,31.73,32.07,31.030001,31.4,31.001112,103400
2023/3/14,32.18,32.759998,31.559999,31.889999,31.484884,79600
2023/3/15,31.299999,31.84,31.02,31.82,31.415773,119200
2023/3/16,31.389999,32.560001,31.030001,32.209999,31.800819,78600
2023/3/17,32.130001,32.32,31.34,31.65,31.247932,140200
2023/3/20,31.84,32.200001,31.34,31.58,31.178822,84700
2023/3/21,31.99,32.59,31.799999,31.93,31.524376,72600
2023/3/22,31.85,32.16,31.4,31.450001,31.050476,79100
2023/3/23,31.620001,31.860001,30.370001,30.610001,30.221146,88200
2023/3/24,30.4,30.870001,29.9,30.85,30.458097,113100
2023/3/27,31.15,31.27,30.65,31.1,30.704922,131800
2023/3/28,31.08,31.4,30.4,30.65,30.260635,241700
2023/3/29,30.940001,31.08,29.719999,29.73,29.352324,129700
2023/3/30,30,30.299999,29.34,29.66,29.283215,138000
2023/3/31,29.940001,30.540001,29.84,30.52,30.13229,130400
2023/4/3,30.48,30.889999,29.9,30.139999,29.757114,104400
2023/4/4,30.24,30.24,28.780001,29.09,28.720455,84900
2023/4/5,29.09,29.299999,28.290001,28.440001,28.078714,110500
2023/4/6,28.42,28.68,27.9,28.59,28.226807,128100
2023/4/10,28.57,29.049999,28.51,28.73,28.365028,68900
2023/4/11,28.82,29.32,28.65,28.92,28.552614,57900
2023/4/12,29.209999,29.209999,28.620001,28.66,28.295918,54200
2023/4/13,28.73,28.99,28.59,28.91,28.542742,57900
2023/4/14,28.950001,29.200001,28.120001,28.18,27.822016,60900
2023/4/17,28.25,28.51,28.08,28.440001,28.078714,102800
2023/4/18,28.41,28.969999,28.41,28.620001,28.256424,71700
2023/4/19,28.530001,28.57,28.16,28.290001,27.930618,48000
2023/4/20,28.18,28.59,28.18,28.440001,28.078714,41400
2023/4/21,28.459999,29.049999,28.459999,28.889999,28.522993,89700
2023/4/24,28.9,29.049999,28.66,28.75,28.384775,32000
2023/4/25,28.629999,28.629999,28.049999,28.110001,27.752905,40700
2023/4/26,28.040001,28.23,27.51,27.620001,27.269131,42300
2023/4/27,27.700001,28.309999,27.700001,28.17,27.812143,50600
2023/4/28,28.209999,28.77,28.129999,28.709999,28.345282,58300
2023/5/1,28.799999,29.74,28.799999,29.690001,29.312834,59000
2023/5/2,29.389999,29.389999,28.469999,28.959999,28.592106,132900
2023/5/3,29,29.360001,27.83,28.09,27.73316,138700
2023/5/4,29.17,29.17,26.120001,26.74,26.400307,187900
2023/5/5,26.93,27.709999,26.59,27.59,27.355108,146900
2023/5/8,27.5,27.84,27,27.040001,26.809792,41000
2023/5/9,27.02,27.52,26.879999,27.5,27.265875,49200
2023/5/10,27.780001,28.4,27.389999,28.26,28.019405,85600
2023/5/11,27.940001,28.26,27.610001,28,27.76162,46200
2023/5/12,28.059999,28.59,27.92,28.15,27.910339,62100
2023/5/15,28.200001,28.41,28.02,28.15,27.910339,94500
2023/5/16,28.1,28.1,27.23,27.23,26.998173,100300
2023/5/17,27.33,27.43,26.629999,27.219999,26.988258,103800
2023/5/18,27.190001,27.85,27.190001,27.82,27.583151,57000
2023/5/19,28.040001,28.309999,27.27,27.299999,27.067577,45900
2023/5/22,27.43,27.780001,27.290001,27.639999,27.404682,41100
2023/5/23,27.559999,27.99,27.370001,27.85,27.612896,72400
2023/5/24,27.780001,27.780001,27.33,27.620001,27.384855,69100
2023/5/25,27.49,27.639999,26.42,26.49,26.264473,44400
2023/5/26,26.57,27.02,26.52,26.82,26.591663,49200
2023/5/30,26.75,26.93,26.530001,26.540001,26.314049,51300
2023/5/31,26.549999,26.549999,25.860001,26.16,25.937283,102600
2023/6/1,26.26,26.27,25.440001,25.49,25.272987,56500
2023/6/2,25.790001,26.82,25.709999,26.790001,26.561922,89700
2023/6/5,26.540001,26.549999,25.950001,26.120001,25.897623,51000
2023/6/6,26.1,27.42,26.1,27.24,27.008089,66200
2023/6/7,27.299999,28.440001,27.299999,28.370001,28.128469,83500
2023/6/8,28.309999,28.309999,27.57,27.879999,27.642637,54600
2023/6/9,27.85,27.85,27.309999,27.379999,27.146896,39400
2023/6/12,27.389999,28.040001,27.309999,27.870001,27.632725,45000
2023/6/13,27.92,28.139999,27.190001,27.469999,27.23613,108200
2023/6/14,27.58,28.1,27.200001,27.26,27.02792,77300
2023/6/15,27.1,27.65,26.75,27.65,27.414598,69700
2023/6/16,27.75,28.209999,27.34,27.66,27.424513,129400
2023/6/20,27.49,27.67,27.219999,27.49,27.25596,39100
2023/6/21,27.4,27.549999,27.139999,27.48,27.246044,37200
2023/6/22,27.290001,27.440001,26.940001,27.440001,27.206387,44500
2023/6/23,27.120001,27.51,26.76,27.129999,26.899023,192400
2023/6/26,26.959999,27.889999,26.959999,27.4,27.166725,89100
2023/6/27,27.450001,27.66,27.059999,27.33,27.097322,81500
2023/6/28,27.35,28.139999,27.200001,28.040001,27.801279,99200
2023/6/29,33.25,35.59,33.25,33.759998,33.47258,582600
2023/6/30,33.48,33.619999,31.66,32.470001,32.193562,226100
2023/7/3,32.150002,33.189999,32.150002,33.150002,32.867775,77900
2023/7/5,33.150002,33.34,32.380001,32.48,32.20348,124700
2023/7/6,32,33.09,31.879999,33.049999,32.768623,76300
2023/7/7,33.150002,34.130001,33.150002,33.66,33.373432,191100
2023/7/10,33.669998,34.16,33.41,33.919998,33.631214,110600
2023/7/11,34.009998,34.23,33.860001,34.189999,33.898914,96300
2023/7/12,34.450001,34.73,33.5,33.57,33.284199,74500
2023/7/13,33.700001,34.009998,33.549999,33.959999,33.670879,110300
2023/7/14,33.77,34.220001,33.580002,34.02,33.730366,80300
2023/7/17,34.049999,34.34,33.580002,33.73,33.442837,65900
2023/7/18,33.860001,34.189999,33.360001,33.470001,33.185047,67500
2023/7/19,33.669998,33.669998,33,33.380001,33.095814,116300
2023/7/20,33.490002,34.029999,33.279999,33.959999,33.670879,158800
2023/7/21,34.080002,34.240002,33.470001,33.57,33.284199,80600
2023/7/24,33.450001,33.700001,33.060001,33.279999,32.996666,47400
2023/7/25,33.080002,33.779999,33.080002,33.619999,33.333771,48700
2023/7/26,33.560001,34.110001,33.369999,33.419998,33.135475,27400
2023/7/27,33.529999,33.529999,32.259998,32.509998,32.233219,175800
2023/7/28,32.689999,32.98,32.400002,32.400002,32.124161,64400
2023/7/31,32.68,32.810001,32.25,32.369999,32.094414,48700
2023/8/1,32.290001,32.48,32,32.299999,32.025009,41900
2023/8/2,31.879999,32.139999,31.77,31.9,31.628414,77400
2023/8/3,31.93,31.93,30.41,31.360001,31.093014,126700
2023/8/4,30.709999,31.709999,30.68,31.120001,30.96664,45400
2023/8/7,31.17,31.41,31,31.059999,30.906935,45800
2023/8/8,31,31.17,30.73,31.1,30.946737,66900
2023/8/9,31.120001,31.77,31.049999,31.549999,31.39452,48900
2023/8/10,31.73,31.799999,30.719999,30.959999,30.807426,42600
2023/8/11,31.08,31.32,30.34,30.370001,30.220335,53100
2023/8/14,30.26,30.379999,30,30.34,30.190483,27900
2023/8/15,30.25,30.57,29.950001,30.530001,30.379547,32200
2023/8/16,30.549999,30.75,29.67,29.879999,29.732748,75000
2023/8/17,29.950001,30.65,29.950001,30.5,30.349695,50800
2023/8/18,30.35,30.969999,30.35,30.43,30.280039,71500
2023/8/21,30.48,30.84,30.299999,30.34,30.190483,61100
2023/8/22,30.559999,31.09,30.42,30.639999,30.489004,43000
2023/8/23,30.549999,31.17,30.48,30.92,30.767624,35600
2023/8/24,30.700001,30.889999,30.469999,30.65,30.498955,34300
2023/8/25,30.709999,30.709999,30.15,30.4,30.250187,57700
2023/8/28,30.77,31.17,30.68,30.99,30.83728,57700
2023/8/29,30.75,31.74,30.559999,31.57,31.414421,69400
2023/8/30,31.42,31.879999,31.280001,31.32,31.165653,37700
2023/8/31,31.379999,31.57,30.77,30.82,30.668118,53400
2023/9/1,30.98,31.469999,30.74,30.879999,30.727821,32000
2023/9/5,30.700001,30.700001,29.85,29.9,29.752651,46600
2023/9/6,29.9,30.219999,29.9,30.15,30.001419,39700
2023/9/7,30.129999,30.129999,29.67,30.02,29.872061,67800
2023/9/8,30.02,30.27,29.9,30.02,29.872061,24700
2023/9/11,30.18,30.41,29.950001,30.4,30.250187,48300
2023/9/12,30.41,30.91,30.33,30.9,30.747723,67400
2023/9/13,30.860001,31.389999,30.799999,31.309999,31.155703,50800
2023/9/14,31.360001,32,31.360001,31.950001,31.792549,43500
2023/9/15,31.959999,32.09,31.5,31.57,31.414421,151200
2023/9/18,31.620001,31.68,30.799999,30.9,30.747723,88200
2023/9/19,30.879999,31.440001,30.809999,31.09,30.936787,102000
2023/9/20,31.139999,31.709999,30.73,31.35,31.195505,68200
2023/9/21,31.129999,31.42,30.75,30.85,30.697969,115700
2023/9/22,30.83,30.860001,30.09,30.129999,29.981518,100700
2023/9/25,30,30.35,29.440001,29.540001,29.394426,100800
2023/9/26,29.49,30,29.120001,29.18,29.0362,83100
2023/9/27,29.459999,29.889999,28.700001,29.190001,29.04615,94500
2023/9/28,28.969999,29.139999,28.639999,28.709999,28.568514,87300
2023/9/29,28.860001,28.860001,28.16,28.25,28.110783,102800
2023/10/2,28.120001,28.85,27.77,27.83,27.692852,73100
2023/10/3,27.59,27.59,23.799999,23.940001,23.822023,386000
2023/10/4,24.469999,25.26,24.32,25.200001,25.075813,139500
2023/10/5,25.129999,25.440001,24.629999,24.74,24.61808,119500
2023/10/6,24.700001,25.68,24.379999,25.360001,25.235025,115500
2023/10/9,25.190001,25.620001,25.190001,25.41,25.284779,66000
2023/10/10,25.610001,26.1,25.030001,25.16,25.036011,85900
2023/10/11,25.32,26.02,24.959999,25.83,25.702709,106900
2023/10/12,25.77,25.77,24.33,24.85,24.727539,85200
2023/10/13,25,25.040001,24.17,24.370001,24.249905,118100
2023/10/16,24.629999,24.799999,24.35,24.559999,24.438967,115100
2023/10/17,24.58,25.129999,24.5,24.68,24.558376,92100
2023/10/18,24.48,24.48,23.370001,23.58,23.463797,104400
2023/10/19,23.559999,23.700001,22.9,23.01,22.896606,140100
2023/10/20,23.07,23.4,22.68,22.799999,22.687639,79200
2023/10/23,22.790001,22.93,22.23,22.290001,22.180155,80000
2023/10/24,22.52,22.52,21.780001,22.219999,22.110498,157100
2023/10/25,22.07,22.209999,21.700001,21.85,21.742323,87100
2023/10/26,22,22,21.34,21.52,21.413948,80700
2023/10/27,21.379999,21.469999,21,21.18,21.075624,238300
2023/10/30,21.48,21.92,21.280001,21.450001,21.344294,115800
2023/10/31,21.34,21.709999,21.25,21.6,21.493555,100400
2023/11/1,21.459999,21.459999,20.91,21.18,21.075624,106600
2023/11/2,21.59,22.959999,21.59,22.93,22.816999,126500
2023/11/3,23.17,23.82,23.059999,23.25,23.25,102200
2023/11/6,23.02,23.02,22.41,22.969999,22.969999,67300
2023/11/7,22.959999,23.32,22.48,23.120001,23.120001,89600
2023/11/8,23.17,23.27,22.469999,22.83,22.83,178900
2023/11/9,20.66,22.07,18.059999,21.17,21.17,514700
2023/11/10,21.280001,21.280001,20.280001,20.969999,20.969999,235200
2023/11/13,20.91,21.52,20.110001,20.15,20.15,221100
2023/11/14,20.85,22.27,20.610001,22,22,310300
2023/11/15,22.139999,22.629999,21.379999,21.709999,21.709999,169600
2023/11/16,21.610001,21.870001,21.1,21.4,21.4,170400
2023/11/17,21.620001,22.639999,21.200001,22.58,22.58,172200
2023/11/20,22.700001,22.74,21.790001,22.030001,22.030001,166300
2023/11/21,21.809999,22.34,21.629999,22.110001,22.110001,80800
2023/11/22,22.200001,22.66,22,22.42,22.42,74100
